Date,Product,Region,Sales,Quantity
2024-02-05,Smartwatch,West,115960,8
2024-02-16,Mobile,South,26061,3
2024-02-22,Smartwatch,West,21557,1
2024-01-14,Laptop,South,45022,1
2024-01-02,Smartwatch,North,133232,8
2024-02-19,Mobile,East,31087,1
2024-01-01,Mobile,East,397650,10
2024-01-10,Mobile,North,134796,4
2024-02-24,Tablet,East,195872,8
2024-02-17,Tablet,North,84350,2
2024-01-25,Tablet,South,7442,1
2024-01-10,Tablet,South,83035,5
2024-01-07,Laptop,West,51678,6
2024-02-15,Tablet,East,141504,6
2024-02-14,Smartwatch,East,70273,7
2024-02-08,Laptop,West,199860,5
2024-01-19,Laptop,North,103916,4
2024-01-09,Smartwatch,South,237486,6
2024-01-22,Mobile,North,28295,1
2024-02-05,Tablet,South,82138,2
2024-02-21,Smartwatch,North,94652,2
2024-02-07,Laptop,North,137950,10
2024-01-13,Mobile,South,93914,2
2024-01-13,Tablet,North,187044,6
2024-02-29,Smartwatch,West,38924,1
2024-01-06,Tablet,East,282930,6
2024-01-19,Tablet,North,328622,7
2024-02-23,Mobile,South,46627,1
2024-01-25,Mobile,South,313677,9
2024-01-23,Laptop,South,84207,3
2024-02-25,Smartwatch,East,111564,6
2024-01-24,Tablet,North,296152,8
2024-02-06,Smartwatch,South,129794,7
2024-01-04,Tablet,East,270669,7
2024-02-22,Tablet,West,83268,6
2024-02-26,Laptop,East,185982,6
2024-02-25,Laptop,North,128484,6
2024-01-22,Smartwatch,East,80176,8
2024-03-01,Mobile,North,187136,8
2024-02-12,Laptop,East,44104,2
2024-02-07,Laptop,East,327339,9
2024-01-29,Mobile,South,59598,7
2024-03-01,Laptop,North,377451,9
2024-01-14,Tablet,South,144420,3
2024-02-27,Tablet,West,168483,7
2024-01-19,Mobile,West,374247,9
2024-01-25,Laptop,North,203850,5
2024-01-29,Smartwatch,South,189280,10
2024-01-19,Smartwatch,East,91932,4
2024-01-29,Smartwatch,West,58329,3
2024-01-13,Mobile,East,144716,4
2024-02-11,Tablet,South,271624,8
2024-02-15,Tablet,East,72359,7
2024-01-04,Laptop,East,219653,7
2024-02-14,Smartwatch,South,32739,1
2024-01-04,Tablet,East,120090,10
2024-01-30,Smartwatch,West,54524,4
2024-01-18,Tablet,West,71086,2
2024-01-21,Laptop,East,52962,6
2024-01-20,Mobile,West,186180,10
2024-02-09,Mobile,North,86261,7
2024-02-07,Laptop,North,89250,7
2024-02-07,Laptop,North,249095,7
2024-01-21,Tablet,West,55290,6
2024-01-19,Tablet,North,134512,8
2024-02-29,Tablet,East,87320,5
2024-02-17,Mobile,West,231664,8
2024-02-17,Tablet,North,114285,3
2024-01-11,Smartwatch,West,37109,1
2024-02-16,Tablet,South,40310,5
2024-01-14,Mobile,South,94808,4
2024-02-29,Tablet,North,187896,8
2024-01-09,Mobile,East,311697,9
2024-01-20,Laptop,West,93514,2
2024-02-18,Laptop,East,282285,9
2024-02-02,Mobile,West,112476,4
2024-02-22,Mobile,East,52428,6
2024-01-29,Mobile,North,250929,7
2024-01-14,Laptop,North,110048,8
2024-01-20,Tablet,West,211792,7
2024-02-01,Mobile,South,23372,4
2024-01-25,Mobile,North,65286,2
2024-02-16,Tablet,South,43011,1
2024-02-21,Mobile,North,66326,2
2024-01-10,Smartwatch,West,68100,2
2024-02-02,Tablet,North,133936,4
2024-02-26,Tablet,North,299200,10
2024-01-02,Mobile,South,208439,7
2024-02-20,Tablet,East,314566,7
2024-01-26,Mobile,South,90621,9
2024-02-08,Laptop,East,227250,6
2024-02-24,Mobile,South,71550,10
2024-01-04,Smartwatch,South,169376,4
2024-02-28,Tablet,South,285768,7
2024-01-29,Mobile,North,7570,1
2024-01-01,Tablet,West,6666,1
2024-02-03,Laptop,North,138832,8
2024-01-31,Mobile,West,32240,1
2024-01-30,Smartwatch,North,193400,5
2024-02-28,Laptop,North,434754,9
